target_transform,model_family,model_name,checkpoint_path,num_features,missing_keys_count,unexpected_keys_count,val_mae,val_rmse,val_r2,val_spearman,val_median_ae,test_mae,test_rmse,test_r2,test_spearman,test_median_ae
raw_target,baseline,lightgbm,,321,,,894.6120594949276,1977.1273986473611,0.44657532405631606,0.6412820519867344,371.1084604158781,1051.696411002224,2329.719413827855,0.489565428868473,0.6960240122512403,435.52303839488525
raw_target,baseline,xgboost,,321,,,930.0486450195312,2044.247314453125,0.4083620309829712,0.6344465353471297,389.3712158203125,1100.9344482421875,2409.942138671875,0.4538070559501648,0.6856156184600114,471.30780029296875
raw_target,baseline,catboost,,321,,,954.3067704687417,2069.7969234810435,0.3934806169129038,0.6143979452275045,412.4774474866176,1148.588771933857,2458.6942937999033,0.4314850231748154,0.6621711594456979,519.9932720225033
raw_target,transformer_scratch,transformer_scratch,,321,0.0,0.0,1020.3201293945312,2362.538330078125,0.20978212356567383,0.5872079087263372,398.45635986328125,1280.681884765625,2883.74072265625,0.2179306149482727,0.6082722810195333,522.561767578125
raw_target,baseline,mlp_regressor,,321,,,1003.1531982421875,2388.409912109375,0.19238024950027466,0.5753605872911907,364.0753173828125,1203.66064453125,2934.3388671875,0.19024550914764404,0.6386777097536919,418.971435546875
raw_target,transformer_pretrained,best_model,Z:\Bloodcounts\FBC-Transformer\artifacts\blood_foundation_v2_20260420_072236\checkpoints\best_model.pt,321,0.0,0.0,1055.931640625,2389.772216796875,0.19145876169204712,0.5888815852528132,384.2322998046875,1348.048583984375,2957.71533203125,0.17729222774505615,0.6145125732629169,526.718017578125
