epoch,train_loss,train_reconstruction_loss,train_reconstruction_mae,val_loss,val_reconstruction_loss,val_reconstruction_mae
1,1.0933553025126457,1.0933553025126457,0.6381351470947265,0.7634332835674286,0.7634332835674286,0.5593381732702255
2,0.9877209164202213,0.9877209164202213,0.4860887065529823,0.7469625294208526,0.7469625294208526,0.5014783680438996
3,0.9733337827026844,0.9733337827026844,0.47936486527323724,0.7381173729896545,0.7381173729896545,0.46829876899719236
